{
  "graph_name": "graph1",
  "degree": 4,
  "num_nodes": 10,
  "color_set_size": 4,
  "gaussian_mean": 0,
  "gaussian_variance": 1,
  "cost_data": {
    "initial_coloring_0": {
      "cost_data_g": [
        [
          0,
          1,
          2,
          3
        ],
        [
          -0.5747080999072948,
          -4.963501542863812,
          -6.87863823686958,
          -7.351601765015351
        ]
      ],
      "cost_data_r": [
        [
          0,
          1,
          2,
          3,
          4,
          5,
          6,
          7,
          8,
          9,
          10,
          11,
          12,
          13,
          14
        ],
        [
          -0.5747080999072948,
          -0.6792071578258108,
          -0.8924721575231545,
          -1.2609366277504095,
          -1.9550414518536774,
          -2.0189906816881042,
          -2.156201382200545,
          -2.3208611007737225,
          -2.7306307231203366,
          -3.176073321756178,
          -3.2127769054042306,
          -3.936247122836596,
          -6.678295592539598,
          -6.983137294788096,
          -7.351601765015351
        ]
      ]
    },
    "initial_coloring_1": {
      "cost_data_g": [
        [
          0,
          1,
          2,
          3,
          4,
          5
        ],
        [
          -2.8214563491251625,
          -4.963501542863812,
          -6.301140548503664,
          -6.774104076649435,
          -7.921428193441118,
          -8.058638893953558
        ]
      ],
      "cost_data_r": [
        [
          0,
          1,
          2,
          3,
          4,
          5,
          6,
          7,
          8,
          9,
          10,
          11,
          12,
          13,
          14,
          15,
          16,
          17
        ],
        [
          -2.8214563491251625,
          -3.0002883289564624,
          -3.368752799183717,
          -3.582017798881061,
          -4.24705269544875,
          -4.926259853274561,
          -4.962963436922614,
          -5.007226496529169,
          -5.098803199080324,
          -5.29817911284487,
          -5.332567758270294,
          -5.596533170579033,
          -5.656769168890994,
          -5.793979869403436,
          -5.958639587976614,
          -6.36969354118703,
          -6.404082186612454,
          -6.526879056150907
        ]
      ]
    },
    "initial_coloring_2": {
      "cost_data_g": [
        [
          0,
          1,
          2,
          3,
          4
        ],
        [
          -0.009681386725114316,
          -4.534459979225217,
          -6.897599365677147,
          -7.576806523502958,
          -7.981974577378265
        ]
      ],
      "cost_data_r": [
        [
          0,
          1,
          2,
          3,
          4,
          5,
          6,
          7,
          8,
          9,
          10,
          11,
          12,
          13,
          14,
          15,
          16
        ],
        [
          -0.009681386725114316,
          -0.24344594591508428,
          -0.6888885445509252,
          -1.1835491487363785,
          -1.2129145420654759,
          -1.4337911708611268,
          -1.790352599589549,
          -2.2345108673615877,
          -2.371721567874028,
          -3.49596013498312,
          -3.5875368375342744,
          -3.9560013077615297,
          -4.890060424855869,
          -6.728038986497772,
          -6.89269870507095,
          -7.3037526582813665,
          -7.338141303706791
        ]
      ]
    },
    "initial_coloring_3": {
      "cost_data_g": [
        [
          0,
          1,
          2,
          3,
          4,
          5,
          6
        ],
        [
          1.7796580763279433,
          -2.098930148893552,
          -4.142553637530234,
          -6.180487201074456,
          -7.161564777985886,
          -7.945270993730213,
          -7.981974577378265
        ]
      ],
      "cost_data_r": [
        [
          0,
          1,
          2,
          3,
          4,
          5,
          6,
          7,
          8,
          9,
          10,
          11,
          12,
          13,
          14,
          15,
          16,
          17,
          18,
          19,
          20
        ],
        [
          1.7796580763279433,
          1.5663930766305996,
          1.161225022755292,
          1.0696483202041376,
          0.5058055135364408,
          -0.11316564597740852,
          -0.3125415597419543,
          -0.3727775580539159,
          -1.1200905757753754,
          -1.4337911708611266,
          -1.790352599589549,
          -2.2345108673615877,
          -2.371721567874028,
          -3.49596013498312,
          -3.5875368375342744,
          -3.9560013077615293,
          -4.890060424855868,
          -6.728038986497772,
          -6.89269870507095,
          -7.3037526582813665,
          -7.338141303706791
        ]
      ]
    },
    "initial_coloring_4": {
      "cost_data_g": [
        [
          0,
          1,
          2,
          3,
          4,
          5
        ],
        [
          0.5058055135364408,
          -4.263392158437593,
          -6.321689842641025,
          -7.302767419552454,
          -7.947585931952841,
          -7.981974577378265
        ]
      ],
      "cost_data_r": [
        [
          0,
          1,
          2,
          3,
          4,
          5,
          6,
          7,
          8,
          9,
          10,
          11,
          12,
          13,
          14,
          15,
          16
        ],
        [
          0.5058055135364408,
          0.1921049184506896,
          -0.18327605847050027,
          -0.2176647038959246,
          -0.8968718617217356,
          -1.8309309788160748,
          -1.8779494386331654,
          -2.234510867361588,
          -2.3717215678740287,
          -3.495960134983121,
          -3.5875368375342753,
          -3.9560013077615306,
          -4.89006042485587,
          -6.728038986497774,
          -6.892698705070952,
          -7.303752658281368,
          -7.338141303706792
        ]
      ]
    }
  }
}