{
  "graph_name": "SBM(1000, 2, t18)",
  "num_nodes": 1000,
  "num_groups": 2,
  "group_mode": "t18",
  "ground_truth_w": "[[0.0031333333333333343, 0.02086666666666667], [0.02086666666666667, 0.0031333333333333343]]",
  "ground_truth_log_likelihood": -30567.436504956673,
  "cost_data": {
    "cost_data_g": [
      [
        0,
        1,
        2,
        3,
        4,
        5,
        6
      ],
      [
        -30573.17851932265,
        -30567.418555756838,
        -30563.608495379347,
        -30561.676541390858,
        -30559.70868900271,
        -30559.61894300356,
        -30559.49329860475
      ]
    ],
    "cost_data_r": [
      [
        0,
        1,
        2,
        3,
        4,
        5,
        6
      ],
      [
        -30573.17851932265,
        -30573.160570122818,
        -30571.19271773467,
        -30571.10297173552,
        -30569.06332254805,
        -30565.073770172257,
        -30559.493298604746
      ]
    ],
    "nmi_g": 0.9663653678534123,
    "nmi_r": 0.9663653678534123
  }
}