{
  "graph_name": "SBM(1000, 2, t82)",
  "num_nodes": 1000,
  "num_groups": 2,
  "group_mode": "t82",
  "ground_truth_w": "[[0.02086666666666667, 0.003133333333333333], [0.003133333333333333, 0.02086666666666667]]",
  "ground_truth_log_likelihood": -30831.70645848385,
  "cost_data": {
    "cost_data_g": [
      [
        0,
        1,
        2,
        3,
        4,
        5
      ],
      [
        -30837.44847284983,
        -30831.72440768368,
        -30829.79245369519,
        -30827.89639810636,
        -30826.03624091719,
        -30824.21198212768
      ]
    ],
    "cost_data_r": [
      [
        0,
        1,
        2,
        3,
        4,
        5
      ],
      [
        -30837.44847284983,
        -30835.552417261,
        -30833.62046327251,
        -30831.72440768368,
        -30826.03624091719,
        -30824.21198212768
      ]
    ],
    "nmi_g": 0.9735291317877252,
    "nmi_r": 0.9735291317877252
  }
}