{
  "graph_name": "SBM(1000, 2, t80)",
  "num_nodes": 1000,
  "num_groups": 2,
  "group_mode": "t80",
  "ground_truth_w": "[[0.02086666666666667, 0.003133333333333333], [0.003133333333333333, 0.02086666666666667]]",
  "ground_truth_log_likelihood": -30535.61687913712,
  "cost_data": {
    "cost_data_g": [
      [
        0,
        1,
        2,
        3,
        4,
        5
      ],
      [
        -30555.044114221,
        -30549.17645545621,
        -30545.25869987974,
        -30541.37684270293,
        -30537.53088392578,
        -30535.63482833695
      ]
    ],
    "cost_data_r": [
      [
        0,
        1,
        2,
        3,
        4,
        5,
        6,
        7,
        8
      ],
      [
        -30555.044114221,
        -30553.29165223081,
        -30553.130109432343,
        -30553.004465033533,
        -30549.086709457064,
        -30545.204852280254,
        -30541.358893503104,
        -30535.634828336955,
        -30535.616879137124
      ]
    ],
    "nmi_g": 0.9707802993199612,
    "nmi_r": 0.9791859286644994
  }
}