{
  "graph_name": "SBM(1000, 2, t19)",
  "num_nodes": 1000,
  "num_groups": 2,
  "group_mode": "t19",
  "ground_truth_w": "[[0.0031333333333333343, 0.02086666666666667], [0.02086666666666667, 0.0031333333333333343]]",
  "ground_truth_log_likelihood": -31148.377698036893,
  "cost_data": {
    "cost_data_g": [
      [
        0,
        1,
        2,
        3,
        4
      ],
      [
        -31150.21990602624,
        -31146.30215044977,
        -31146.17650605096,
        -31142.47414087245,
        -31142.34849647364
      ]
    ],
    "cost_data_r": [
      [
        0,
        1,
        2,
        3,
        4,
        5,
        6
      ],
      [
        -31150.21990602624,
        -31150.13016002709,
        -31150.00451562828,
        -31149.84297282981,
        -31149.645531631682,
        -31146.01496325249,
        -31142.34849647364
      ]
    ],
    "nmi_g": 0.9491721397392674,
    "nmi_r": 0.9491721397392674
  }
}