{
  "graph_name": "SBM(1000, 2, t13)",
  "num_nodes": 1000,
  "num_groups": 2,
  "group_mode": "t13",
  "ground_truth_w": "[[0.0031333333333333343, 0.02086666666666667], [0.02086666666666667, 0.0031333333333333343]]",
  "ground_truth_log_likelihood": -30335.001209873164,
  "cost_data": {
    "cost_data_g": [
      [
        0,
        1,
        2,
        3,
        4
      ],
      [
        -30331.155251096014,
        -30327.345190718523,
        -30325.413236730034,
        -30325.359389130543,
        -30325.269643131393
      ]
    ],
    "cost_data_r": [
      [
        0,
        1,
        2,
        3,
        4,
        5
      ],
      [
        -30331.155251096014,
        -30331.101403496523,
        -30331.011657497373,
        -30330.886013098563,
        -30329.09765270871,
        -30325.359389130543
      ]
    ],
    "nmi_g": 0.9559686359019146,
    "nmi_r": 0.9631294405918136
  }
}