{
  "graph_name": "SBM(1000, 2, t84)",
  "num_nodes": 1000,
  "num_groups": 2,
  "group_mode": "t84",
  "ground_truth_w": "[[0.02086666666666667, 0.003133333333333333], [0.003133333333333333, 0.02086666666666667]]",
  "ground_truth_log_likelihood": -30308.616019521192,
  "cost_data": {
    "cost_data_g": [
      [
        0,
        1,
        2,
        3,
        4,
        5
      ],
      [
        -30312.461978298343,
        -30310.530024309854,
        -30308.633968721024,
        -30306.773811531853,
        -30306.719963932363,
        -30306.70201473253
      ]
    ],
    "cost_data_r": [
      [
        0,
        1,
        2,
        3,
        4,
        5,
        6,
        7
      ],
      [
        -30312.461978298343,
        -30312.44402909851,
        -30310.54797350968,
        -30310.53002430985,
        -30308.63396872102,
        -30308.61601952119,
        -30306.71996393236,
        -30306.702014732527
      ]
    ],
    "nmi_g": 0.9791859286644994,
    "nmi_r": 0.9791859286644994
  }
}