{
  "graph_name": "SBM(1000, 2, t9)",
  "num_nodes": 1000,
  "num_groups": 2,
  "group_mode": "t9",
  "ground_truth_w": "[[0.023399999999999997, 0.0006000000000000005], [0.0006000000000000005, 0.023399999999999997]]",
  "ground_truth_log_likelihood": -28618.094309313747,
  "cost_data": {
    "cost_data_g": [
      [
        0,
        1,
        2
      ],
      [
        -28643.99309825676,
        -28625.49066644785,
        -28618.094309313743
      ]
    ],
    "cost_data_r": [
      [
        0,
        1,
        2
      ],
      [
        -28643.99309825676,
        -28636.550585228088,
        -28618.094309313743
      ]
    ],
    "nmi_g": 1.0,
    "nmi_r": 1.0
  }
}