{
  "graph_name": "SBM(1000, 2, t1)",
  "num_nodes": 1000,
  "num_groups": 2,
  "group_mode": "t1",
  "ground_truth_w": "[[0.0031333333333333343, 0.02086666666666667], [0.02086666666666667, 0.0031333333333333343]]",
  "ground_truth_log_likelihood": -30419.894094150695,
  "cost_data": {
    "cost_data_g": [
      [
        0,
        1,
        2
      ],
      [
        -30410.252273408078,
        -30410.162527408927,
        -30410.036883010118
      ]
    ],
    "cost_data_r": [
      [
        0,
        1,
        2
      ],
      [
        -30410.252273408078,
        -30410.162527408927,
        -30410.036883010118
      ]
    ],
    "nmi_g": 0.9491721397392673,
    "nmi_r": 0.9491721397392673
  }
}