{
  "graph_name": "SBM(1000, 2, t85)",
  "num_nodes": 1000,
  "num_groups": 2,
  "group_mode": "t85",
  "ground_truth_w": "[[0.02086666666666667, 0.003133333333333333], [0.003133333333333333, 0.02086666666666667]]",
  "ground_truth_log_likelihood": -30485.442649434088,
  "cost_data": {
    "cost_data_g": [
      [
        0,
        1,
        2,
        3
      ],
      [
        -30491.346206598537,
        -30487.428451022068,
        -30485.46059863392,
        -30485.442649434088
      ]
    ],
    "cost_data_r": [
      [
        0,
        1,
        2,
        3,
        4,
        5,
        6,
        7
      ],
      [
        -30491.346206598537,
        -30491.256460599387,
        -30491.202612999896,
        -30491.184663800064,
        -30489.288608211235,
        -30489.270659011403,
        -30485.460598633912,
        -30485.44264943408
      ]
    ],
    "nmi_g": 0.9791859286644994,
    "nmi_r": 0.9791859286644994
  }
}