{
  "graph_name": "SBM(1000, 2, t87)",
  "num_nodes": 1000,
  "num_groups": 2,
  "group_mode": "t87",
  "ground_truth_w": "[[0.02086666666666667, 0.003133333333333333], [0.003133333333333333, 0.02086666666666667]]",
  "ground_truth_log_likelihood": -30975.974501729634,
  "cost_data": {
    "cost_data_g": [
      [
        0,
        1,
        2,
        3
      ],
      [
        -30981.878058894086,
        -30977.960303317617,
        -30974.078446140808,
        -30972.14649215232
      ]
    ],
    "cost_data_r": [
      [
        0,
        1,
        2,
        3,
        4,
        5,
        6,
        7
      ],
      [
        -30981.878058894086,
        -30981.788312894936,
        -30979.820460506788,
        -30979.802511306956,
        -30975.992450929465,
        -30975.974501729634,
        -30972.164441352143,
        -30972.14649215231
      ]
    ],
    "nmi_g": 0.9623776396777219,
    "nmi_r": 0.9623776396777219
  }
}