{
  "graph_name": "SBM(1000, 2, t8)",
  "num_nodes": 1000,
  "num_groups": 2,
  "group_mode": "t8",
  "ground_truth_w": "[[0.02086666666666667, 0.003133333333333333], [0.003133333333333333, 0.02086666666666667]]",
  "ground_truth_log_likelihood": -30493.590794826174,
  "cost_data": {
    "cost_data_g": [
      [
        0,
        1,
        2
      ],
      [
        -30486.006572470855,
        -30485.952724871364,
        -30485.934775671532
      ]
    ],
    "cost_data_r": [
      [
        0,
        1,
        2
      ],
      [
        -30486.006572470855,
        -30485.952724871364,
        -30485.934775671532
      ]
    ],
    "nmi_g": 0.9470849196551532,
    "nmi_r": 0.9791859286644994
  }
}