{
  "graph_name": "SBM(1000, 2, t83)",
  "num_nodes": 1000,
  "num_groups": 2,
  "group_mode": "t83",
  "ground_truth_w": "[[0.02086666666666667, 0.003133333333333333], [0.003133333333333333, 0.02086666666666667]]",
  "ground_truth_log_likelihood": -30368.50380998678,
  "cost_data": {
    "cost_data_g": [
      [
        0,
        1
      ],
      [
        -30370.43576397527,
        -30368.50380998678
      ]
    ],
    "cost_data_r": [
      [
        0,
        1,
        2,
        3
      ],
      [
        -30370.43576397527,
        -30370.41781477544,
        -30368.52175918661,
        -30368.503809986778
      ]
    ],
    "nmi_g": 0.9791859286644994,
    "nmi_r": 0.9791859286644994
  }
}