{
  "graph_name": "SBM(1000, 2, t10)",
  "num_nodes": 1000,
  "num_groups": 2,
  "group_mode": "t10",
  "ground_truth_w": "[[0.0031333333333333343, 0.02086666666666667], [0.02086666666666667, 0.0031333333333333343]]",
  "ground_truth_log_likelihood": -30378.96180423267,
  "cost_data": {
    "cost_data_g": [
      [
        0,
        1,
        2,
        3,
        4,
        5,
        6,
        7
      ],
      [
        -30386.599874187476,
        -30382.789813809984,
        -30380.857859821495,
        -30378.890007433347,
        -30377.029850244176,
        -30375.133794655347,
        -30375.115845455515,
        -30375.061997856024
      ]
    ],
    "cost_data_r": [
      [
        0,
        1,
        2,
        3,
        4,
        5,
        6,
        7
      ],
      [
        -30386.599874187476,
        -30386.546026587985,
        -30386.456280588834,
        -30384.632021799323,
        -30382.771864610153,
        -30380.804012222005,
        -30378.800261434193,
        -30375.061997856024
      ]
    ],
    "nmi_g": 0.9631294405918135,
    "nmi_r": 0.9631294405918135
  }
}