{
  "graph_name": "SBM(1000, 2, t89)",
  "num_nodes": 1000,
  "num_groups": 2,
  "group_mode": "t89",
  "ground_truth_w": "[[0.02086666666666667, 0.003133333333333333], [0.003133333333333333, 0.02086666666666667]]",
  "ground_truth_log_likelihood": -30720.24306502391,
  "cost_data": {
    "cost_data_g": [
      [
        0,
        1,
        2,
        3,
        4,
        5
      ],
      [
        -30728.347814174303,
        -30724.358261798512,
        -30724.232617399703,
        -30724.142871400552,
        -30724.08902380106,
        -30720.24306502391
      ]
    ],
    "cost_data_r": [
      [
        0,
        1,
        2,
        3,
        4,
        5,
        6,
        7,
        8,
        9
      ],
      [
        -30728.347814174303,
        -30728.186271375835,
        -30728.060626977025,
        -30727.970880977875,
        -30727.917033378384,
        -30727.899084178553,
        -30724.08902380106,
        -30724.07107460123,
        -30720.26101422374,
        -30720.243065023908
      ]
    ],
    "nmi_g": 1.0,
    "nmi_r": 1.0
  }
}