{
  "graph_name": "SBM(1000, 2, t03)",
  "num_nodes": 1000,
  "num_groups": 2,
  "group_mode": "t03",
  "ground_truth_w": "[[0.0006000000000000005, 0.023399999999999997], [0.023399999999999997, 0.0006000000000000005]]",
  "ground_truth_log_likelihood": -28664.243488442982,
  "cost_data": {
    "cost_data_g": [
      [
        0,
        1
      ],
      [
        -28667.907050089114,
        -28664.243488442986
      ]
    ],
    "cost_data_r": [
      [
        0,
        1
      ],
      [
        -28667.907050089114,
        -28664.243488442986
      ]
    ],
    "nmi_g": 1.0,
    "nmi_r": 1.0
  }
}