{
  "graph_name": "SBM(1000, 2, t81)",
  "num_nodes": 1000,
  "num_groups": 2,
  "group_mode": "t81",
  "ground_truth_w": "[[0.02086666666666667, 0.003133333333333333], [0.003133333333333333, 0.02086666666666667]]",
  "ground_truth_log_likelihood": -31058.89186543882,
  "cost_data": {
    "cost_data_g": [
      [
        0,
        1,
        2
      ],
      [
        -31053.14985107284,
        -31051.25379548401,
        -31049.321841495523
      ]
    ],
    "cost_data_r": [
      [
        0,
        1,
        2,
        3,
        4
      ],
      [
        -31053.14985107284,
        -31051.25379548401,
        -31051.23584628418,
        -31049.33979069535,
        -31049.32184149552
      ]
    ],
    "nmi_g": 0.9623776396777219,
    "nmi_r": 0.9623776396777219
  }
}