{
  "graph_name": "SBM(1000, 2, t91)",
  "num_nodes": 1000,
  "num_groups": 2,
  "group_mode": "t91",
  "ground_truth_w": "[[0.023399999999999997, 0.0006000000000000005], [0.0006000000000000005, 0.023399999999999997]]",
  "ground_truth_log_likelihood": -29230.97298676591,
  "cost_data": {
    "cost_data_g": [
      [
        0,
        1
      ],
      [
        -29230.996064713196,
        -29230.97298676591
      ]
    ],
    "cost_data_r": [
      [
        0,
        1
      ],
      [
        -29230.996064713196,
        -29230.97298676591
      ]
    ],
    "nmi_g": 1.0,
    "nmi_r": 1.0
  }
}