{
  "graph_name": "SBM(1000, 2, t88)",
  "num_nodes": 1000,
  "num_groups": 2,
  "group_mode": "t88",
  "ground_truth_w": "[[0.02086666666666667, 0.003133333333333333], [0.003133333333333333, 0.02086666666666667]]",
  "ground_truth_log_likelihood": -30685.58592622909,
  "cost_data": {
    "cost_data_g": [
      [
        0,
        1,
        2,
        3
      ],
      [
        -30685.585926229098,
        -30681.775865851607,
        -30679.915708662436,
        -30679.861861062946
      ]
    ],
    "cost_data_r": [
      [
        0,
        1,
        2
      ],
      [
        -30685.585926229098,
        -30683.689870640268,
        -30683.671921440437
      ]
    ],
    "nmi_g": 0.970780299319961,
    "nmi_r": 0.9623776396777219
  }
}