{
  "graph_name": "SBM(1000, 2, t14)",
  "num_nodes": 1000,
  "num_groups": 2,
  "group_mode": "t14",
  "ground_truth_w": "[[0.0031333333333333343, 0.02086666666666667], [0.02086666666666667, 0.0031333333333333343]]",
  "ground_truth_log_likelihood": -29633.067609909478,
  "cost_data": {
    "cost_data_g": [
      [
        0,
        1,
        2,
        3
      ],
      [
        -29632.995813110163,
        -29629.078057533694,
        -29628.952413134884,
        -29628.790870336416
      ]
    ],
    "cost_data_r": [
      [
        0,
        1,
        2,
        3
      ],
      [
        -29632.995813110163,
        -29632.906067111013,
        -29632.780422712203,
        -29628.790870336412
      ]
    ],
    "nmi_g": 0.9595659056988849,
    "nmi_r": 0.9595659056988849
  }
}