{
  "graph_name": "SBM(1000, 2, t04)",
  "num_nodes": 1000,
  "num_groups": 2,
  "group_mode": "t04",
  "ground_truth_w": "[[0.0006000000000000005, 0.023399999999999997], [0.023399999999999997, 0.0006000000000000005]]",
  "ground_truth_log_likelihood": -28093.169489522203,
  "cost_data": {
    "cost_data_g": [
      [
        0
      ],
      [
        -28093.169489522203
      ]
    ],
    "cost_data_r": [
      [
        0
      ],
      [
        -28093.169489522203
      ]
    ],
    "nmi_g": 1.0,
    "nmi_r": 1.0
  }
}