{
  "graph_name": "SBM(1000, 2, t99)",
  "num_nodes": 1000,
  "num_groups": 2,
  "group_mode": "t99",
  "ground_truth_w": "[[0.023399999999999997, 0.0006000000000000005], [0.0006000000000000005, 0.023399999999999997]]",
  "ground_truth_log_likelihood": -29028.63123660448,
  "cost_data": {
    "cost_data_g": [
      [
        0
      ],
      [
        -29028.63123660448
      ]
    ],
    "cost_data_r": [
      [
        0
      ],
      [
        -29028.63123660448
      ]
    ],
    "nmi_g": 1.0,
    "nmi_r": 1.0
  }
}