{
  "graph_name": "SBM(1000, 2, t86)",
  "num_nodes": 1000,
  "num_groups": 2,
  "group_mode": "t86",
  "ground_truth_w": "[[0.02086666666666667, 0.003133333333333333], [0.003133333333333333, 0.02086666666666667]]",
  "ground_truth_log_likelihood": -30702.72994828746,
  "cost_data": {
    "cost_data_g": [
      [
        0,
        1,
        2,
        3
      ],
      [
        -30697.00588312131,
        -30693.23172114348,
        -30691.26386875533,
        -30691.2459195555
      ]
    ],
    "cost_data_r": [
      [
        0,
        1,
        2,
        3,
        4,
        5
      ],
      [
        -30697.00588312131,
        -30696.98793392148,
        -30695.09187833265,
        -30695.073929132817,
        -30691.263868755326,
        -30691.245919555495
      ]
    ],
    "nmi_g": 0.9470849196551532,
    "nmi_r": 0.9470849196551532
  }
}