{
  "graph_name": "SBM(1000, 2, t95)",
  "num_nodes": 1000,
  "num_groups": 2,
  "group_mode": "t95",
  "ground_truth_w": "[[0.023399999999999997, 0.0006000000000000005], [0.0006000000000000005, 0.023399999999999997]]",
  "ground_truth_log_likelihood": -28644.705414112963,
  "cost_data": {
    "cost_data_g": [
      [
        0,
        1
      ],
      [
        -28663.161690027307,
        -28644.705414112963
      ]
    ],
    "cost_data_r": [
      [
        0,
        1
      ],
      [
        -28663.161690027307,
        -28644.705414112963
      ]
    ],
    "nmi_g": 1.0,
    "nmi_r": 1.0
  }
}