{
  "graph_name": "SBM(1000, 2, t12)",
  "num_nodes": 1000,
  "num_groups": 2,
  "group_mode": "t12",
  "ground_truth_w": "[[0.0031333333333333343, 0.02086666666666667], [0.02086666666666667, 0.0031333333333333343]]",
  "ground_truth_log_likelihood": -30844.919173174032,
  "cost_data": {
    "cost_data_g": [
      [
        0,
        1,
        2,
        3,
        4,
        5,
        6,
        7
      ],
      [
        -30856.331405106677,
        -30848.585639952886,
        -30846.761381163375,
        -30844.901223974204,
        -30843.005168385374,
        -30842.987219185543,
        -30842.933371586052,
        -30842.843625586902
      ]
    ],
    "cost_data_r": [
      [
        0,
        1,
        2,
        3,
        4,
        5,
        6,
        7,
        8,
        9
      ],
      [
        -30856.331405106677,
        -30856.241659107527,
        -30854.417400318016,
        -30852.557243128846,
        -30850.661187540016,
        -30850.643238340184,
        -30850.589390740693,
        -30850.499644741543,
        -30850.374000342734,
        -30842.843625586902
      ]
    ],
    "nmi_g": 0.9735291317877254,
    "nmi_r": 0.9735291317877254
  }
}