{
  "graph_name": "SBM(1000, 2, t16)",
  "num_nodes": 1000,
  "num_groups": 2,
  "group_mode": "t16",
  "ground_truth_w": "[[0.0031333333333333343, 0.02086666666666667], [0.02086666666666667, 0.0031333333333333343]]",
  "ground_truth_log_likelihood": -30377.909020359533,
  "cost_data": {
    "cost_data_g": [
      [
        0,
        1,
        2
      ],
      [
        -30381.719080737028,
        -30377.909020359537,
        -30377.891071159705
      ]
    ],
    "cost_data_r": [
      [
        0,
        1,
        2,
        3
      ],
      [
        -30381.719080737028,
        -30381.665233137537,
        -30381.575487138387,
        -30377.83722356022
      ]
    ],
    "nmi_g": 0.9895915066199538,
    "nmi_r": 0.981182940453905
  }
}