{
  "graph_name": "SBM(1000, 2, t90)",
  "num_nodes": 1000,
  "num_groups": 2,
  "group_mode": "t90",
  "ground_truth_w": "[[0.023399999999999997, 0.0006000000000000005], [0.0006000000000000005, 0.023399999999999997]]",
  "ground_truth_log_likelihood": -28927.661518435096,
  "cost_data": {
    "cost_data_g": [
      [
        0,
        1,
        2
      ],
      [
        -28964.620226158346,
        -28946.117794349437,
        -28927.661518435092
      ]
    ],
    "cost_data_r": [
      [
        0,
        1,
        2
      ],
      [
        -28964.620226158346,
        -28946.117794349437,
        -28927.661518435092
      ]
    ],
    "nmi_g": 1.0,
    "nmi_r": 1.0
  }
}