{
  "graph_name": "SBM(1000, 2, t15)",
  "num_nodes": 1000,
  "num_groups": 2,
  "group_mode": "t15",
  "ground_truth_w": "[[0.0031333333333333343, 0.02086666666666667], [0.02086666666666667, 0.0031333333333333343]]",
  "ground_truth_log_likelihood": -30277.458034654002,
  "cost_data": {
    "cost_data_g": [
      [
        0,
        1,
        2,
        3,
        4,
        5
      ],
      [
        -30286.381887403422,
        -30280.83731423557,
        -30278.72586824878,
        -30277.00930465825,
        -30275.256842668063,
        -30273.46848227821
      ]
    ],
    "cost_data_r": [
      [
        0,
        1,
        2,
        3,
        4,
        5
      ],
      [
        -30286.381887403422,
        -30284.665323812893,
        -30282.912861822704,
        -30281.124501432852,
        -30279.08485224538,
        -30273.46848227821
      ]
    ],
    "nmi_g": 0.9735291317877254,
    "nmi_r": 0.9735291317877254
  }
}