{
  "graph_name": "SBM(1000, 2, t17)",
  "num_nodes": 1000,
  "num_groups": 2,
  "group_mode": "t17",
  "ground_truth_w": "[[0.0031333333333333343, 0.02086666666666667], [0.02086666666666667, 0.0031333333333333343]]",
  "ground_truth_log_likelihood": -30832.758470865585,
  "cost_data": {
    "cost_data_g": [
      [
        0,
        1,
        2,
        3,
        4,
        5,
        6
      ],
      [
        -30842.25669800957,
        -30838.482536031737,
        -30834.672475654246,
        -30832.740521665757,
        -30830.77266927761,
        -30830.68292327846,
        -30830.55727887965
      ]
    ],
    "cost_data_r": [
      [
        0,
        1,
        2,
        3,
        4,
        5,
        6
      ],
      [
        -30842.25669800957,
        -30842.16695201042,
        -30842.04130761161,
        -30841.87976481314,
        -30839.76831882635,
        -30836.13775044716,
        -30832.47128366831
      ]
    ],
    "nmi_g": 0.9663653678534123,
    "nmi_r": 0.9663653678534123
  }
}