{
  "graph_name": "SBM(100, 2, a)",
  "num_nodes": 100,
  "num_groups": 2,
  "group_mode": "association",
  "ground_truth_w": "[[0.09, 0.01], [0.01, 0.09]]",
  "ground_truth_log_likelihood": -916.7934938042484,
  "cost_data": {
    "cost_data_g": [
      [
        0,
        1
      ],
      [
        -910.7073821339461,
        -910.2860804158574
      ]
    ],
    "cost_data_r": [
      [
        0,
        1
      ],
      [
        -910.7073821339461,
        -910.2860804158574
      ]
    ],
    "nmi_g": 0.0011569844335306808,
    "nmi_r": 0.0011569844335306808
  }
}