{
  "graph_name": "SBM(1000, 2, t11)",
  "num_nodes": 1000,
  "num_groups": 2,
  "group_mode": "t11",
  "ground_truth_w": "[[0.0031333333333333343, 0.02086666666666667], [0.02086666666666667, 0.0031333333333333343]]",
  "ground_truth_log_likelihood": -30712.176169180002,
  "cost_data": {
    "cost_data_g": [
      [
        0,
        1,
        2
      ],
      [
        -30719.76039153532,
        -30715.98622955749,
        -30712.17616918
      ]
    ],
    "cost_data_r": [
      [
        0,
        1,
        2
      ],
      [
        -30719.76039153532,
        -30715.98622955749,
        -30712.17616918
      ]
    ],
    "nmi_g": 1.0,
    "nmi_r": 1.0
  }
}